{"cameraMode":{"drawMode":0,"name":"Shaded","section":"Shading Mode"},"sceneLighting":false,"audioPlay":false,"sceneViewState":{"m_AlwaysRefresh":false,"showFog":false,"showSkybox":false,"showFlares":false,"showImageEffects":false,"showParticleSystems":false,"showVisualEffectGraphs":true,"m_FxEnabled":true},"in2DMode":false,"pivot":{"x":-0.0373380146920681,"y":1.2520633935928345,"z":-0.6500673294067383},"rotation":{"x":0.06443431228399277,"y":-0.025444241240620614,"z":0.0016434387071058155,"w":0.9975968599319458},"size":0.7250180244445801,"orthographic":false}